Code Domaine,Domaine,Code zone (M49),Zone,Code Élément,Élément,Code Produit (CPC),Produit,Code année,Année,Unité,Valeur,Symbole,Description du Symbole
"FBS","Bilans Alimentaires (2010-)","004","Afghanistan","511","Population totale","S2501","Population","2018","2018","1000 personnes","37172","X","Ciffre de sources internationales"
"FBS","Bilans Alimentaires (2010-)","004","Afghanistan","511","Population totale","S2501","Population","2019","2019","1000 personnes","38041.75","X","Ciffre de sources internationales"
"FBS","Bilans Alimentaires (2010-)","710","Afrique du Sud","511","Population totale","S2501","Population","2018","2018","1000 personnes","57793","X","Ciffre de sources internationales"
"FBS","Bilans Alimentaires (2010-)","710","Afrique du Sud","511","Population totale","S2501","Population","2019","2019","1000 personnes","58558.27","X","Ciffre de sources internationales"
"FBS","Bilans Alimentaires (2010-)","008","Albanie","511","Population totale","S2501","Population","2018","2018","1000 personnes","2883","X","Ciffre de sources internationales"
"FBS","Bilans Alimentaires (2010-)","008","Albanie","511","Population totale","S2501","Population","2019","2019","1000 personnes","2880.92","X","Ciffre de sources internationales"
"FBS","Bilans Alimentaires (2010-)","012","Algérie","511","Population totale","S2501","Population","2018","2018","1000 personnes","42228","X","Ciffre de sources internationales"
"FBS","Bilans Alimentaires (2010-)","012","Algérie","511","Population totale","S2501","Population","2019","2019","1000 personnes","43053.05","X","Ciffre de sources internationales"
"FBS","Bilans Alimentaires (2010-)","276","Allemagne","511","Population totale","S2501","Population","2018","2018","1000 personnes","83124","X","Ciffre de sources internationales"
"FBS","Bilans Alimentaires (2010-)","276","Allemagne","511","Population totale","S2501","Population","2019","2019","1000 personnes","83517.04","X","Ciffre de sources internationales"
"FBS","Bilans Alimentaires (2010-)","024","Angola","511","Population totale","S2501","Population","2018","2018","1000 personnes","30810","X","Ciffre de sources internationales"
"FBS","Bilans Alimentaires (2010-)","024","Angola","511","Population totale","S2501","Population","2019","2019","1000 personnes","31825.29","X","Ciffre de sources internationales"
"FBS","Bilans Alimentaires (2010-)","028","Antigua-et-Barbuda","511","Population totale","S2501","Population","2018","2018","1000 personnes","96","X","Ciffre de sources internationales"
"FBS","Bilans Alimentaires (2010-)","028","Antigua-et-Barbuda","511","Population totale","S2501","Population","2019","2019","1000 personnes","97.12","X","Ciffre de sources internationales"
"FBS","Bilans Alimentaires (2010-)","682","Arabie saoudite","511","Population totale","S2501","Population","2018","2018","1000 personnes","33703","X","Ciffre de sources internationales"
"FBS","Bilans Alimentaires (2010-)","682","Arabie saoudite","511","Population totale","S2501","Population","2019","2019","1000 personnes","34268.53","X","Ciffre de sources internationales"
"FBS","Bilans Alimentaires (2010-)","032","Argentine","511","Population totale","S2501","Population","2018","2018","1000 personnes","44361","X","Ciffre de sources internationales"
"FBS","Bilans Alimentaires (2010-)","032","Argentine","511","Population totale","S2501","Population","2019","2019","1000 personnes","44780.68","X","Ciffre de sources internationales"
"FBS","Bilans Alimentaires (2010-)","051","Arménie","511","Population totale","S2501","Population","2018","2018","1000 personnes","2951.74","X","Ciffre de sources internationales"
"FBS","Bilans Alimentaires (2010-)","051","Arménie","511","Population totale","S2501","Population","2019","2019","1000 personnes","2957.73","X","Ciffre de sources internationales"
"FBS","Bilans Alimentaires (2010-)","036","Australie","511","Population totale","S2501","Population","2018","2018","1000 personnes","24898","X","Ciffre de sources internationales"
"FBS","Bilans Alimentaires (2010-)","036","Australie","511","Population totale","S2501","Population","2019","2019","1000 personnes","25203.2","X","Ciffre de sources internationales"
"FBS","Bilans Alimentaires (2010-)","040","Autriche","511","Population totale","S2501","Population","2018","2018","1000 personnes","8891","X","Ciffre de sources internationales"
"FBS","Bilans Alimentaires (2010-)","040","Autriche","511","Population totale","S2501","Population","2019","2019","1000 personnes","8955.1","X","Ciffre de sources internationales"
"FBS","Bilans Alimentaires (2010-)","031","Azerbaïdjan","511","Population totale","S2501","Population","2018","2018","1000 personnes","9949.54","X","Ciffre de sources internationales"
"FBS","Bilans Alimentaires (2010-)","031","Azerbaïdjan","511","Population totale","S2501","Population","2019","2019","1000 personnes","10047.72","X","Ciffre de sources internationales"
"FBS","Bilans Alimentaires (2010-)","044","Bahamas","511","Population totale","S2501","Population","2018","2018","1000 personnes","386","X","Ciffre de sources internationales"
"FBS","Bilans Alimentaires (2010-)","044","Bahamas","511","Population totale","S2501","Population","2019","2019","1000 personnes","389.48","X","Ciffre de sources internationales"
"FBS","Bilans Alimentaires (2010-)","048","Bahreïn","511","Population totale","S2501","Population","2019","2019","1000 personnes","1641.17","X","Ciffre de sources internationales"
"FBS","Bilans Alimentaires (2010-)","050","Bangladesh","511","Population totale","S2501","Population","2018","2018","1000 personnes","161377","X","Ciffre de sources internationales"
"FBS","Bilans Alimentaires (2010-)","050","Bangladesh","511","Population totale","S2501","Population","2019","2019","1000 personnes","163046.16","X","Ciffre de sources internationales"
"FBS","Bilans Alimentaires (2010-)","052","Barbade","511","Population totale","S2501","Population","2018","2018","1000 personnes","287","X","Ciffre de sources internationales"
"FBS","Bilans Alimentaires (2010-)","052","Barbade","511","Population totale","S2501","Population","2019","2019","1000 personnes","287.02","X","Ciffre de sources internationales"
"FBS","Bilans Alimentaires (2010-)","112","Bélarus","511","Population totale","S2501","Population","2018","2018","1000 personnes","9453","X","Ciffre de sources internationales"
"FBS","Bilans Alimentaires (2010-)","112","Bélarus","511","Population totale","S2501","Population","2019","2019","1000 personnes","9452.41","X","Ciffre de sources internationales"
"FBS","Bilans Alimentaires (2010-)","056","Belgique","511","Population totale","S2501","Population","2018","2018","1000 personnes","11482","X","Ciffre de sources internationales"
"FBS","Bilans Alimentaires (2010-)","056","Belgique","511","Population totale","S2501","Population","2019","2019","1000 personnes","11539.33","X","Ciffre de sources internationales"
"FBS","Bilans Alimentaires (2010-)","084","Belize","511","Population totale","S2501","Population","2018","2018","1000 personnes","383","X","Ciffre de sources internationales"
"FBS","Bilans Alimentaires (2010-)","084","Belize","511","Population totale","S2501","Population","2019","2019","1000 personnes","390.35","X","Ciffre de sources internationales"
"FBS","Bilans Alimentaires (2010-)","204","Bénin","511","Population totale","S2501","Population","2018","2018","1000 personnes","11485","X","Ciffre de sources internationales"
"FBS","Bilans Alimentaires (2010-)","204","Bénin","511","Population totale","S2501","Population","2019","2019","1000 personnes","11801.15","X","Ciffre de sources internationales"
"FBS","Bilans Alimentaires (2010-)","064","Bhoutan","511","Population totale","S2501","Population","2019","2019","1000 personnes","763.09","X","Ciffre de sources internationales"
"FBS","Bilans Alimentaires (2010-)","068","Bolivie (État plurinational de)","511","Population totale","S2501","Population","2018","2018","1000 personnes","11353","X","Ciffre de sources internationales"
"FBS","Bilans Alimentaires (2010-)","068","Bolivie (État plurinational de)","511","Population totale","S2501","Population","2019","2019","1000 personnes","11513.1","X","Ciffre de sources internationales"
"FBS","Bilans Alimentaires (2010-)","070","Bosnie-Herzégovine","511","Population totale","S2501","Population","2018","2018","1000 personnes","3324","X","Ciffre de sources internationales"
"FBS","Bilans Alimentaires (2010-)","070","Bosnie-Herzégovine","511","Population totale","S2501","Population","2019","2019","1000 personnes","3301","X","Ciffre de sources internationales"
"FBS","Bilans Alimentaires (2010-)","072","Botswana","511","Population totale","S2501","Population","2018","2018","1000 personnes","2254","X","Ciffre de sources internationales"
"FBS","Bilans Alimentaires (2010-)","072","Botswana","511","Population totale","S2501","Population","2019","2019","1000 personnes","2303.7","X","Ciffre de sources internationales"
"FBS","Bilans Alimentaires (2010-)","076","Brésil","511","Population totale","S2501","Population","2018","2018","1000 personnes","209469","X","Ciffre de sources internationales"
"FBS","Bilans Alimentaires (2010-)","076","Brésil","511","Population totale","S2501","Population","2019","2019","1000 personnes","211049.53","X","Ciffre de sources internationales"
"FBS","Bilans Alimentaires (2010-)","100","Bulgarie","511","Population totale","S2501","Population","2018","2018","1000 personnes","7052","X","Ciffre de sources internationales"
"FBS","Bilans Alimentaires (2010-)","100","Bulgarie","511","Population totale","S2501","Population","2019","2019","1000 personnes","7000.12","X","Ciffre de sources internationales"
"FBS","Bilans Alimentaires (2010-)","854","Burkina Faso","511","Population totale","S2501","Population","2018","2018","1000 personnes","19751","X","Ciffre de sources internationales"
"FBS","Bilans Alimentaires (2010-)","854","Burkina Faso","511","Population totale","S2501","Population","2019","2019","1000 personnes","20321.38","X","Ciffre de sources internationales"
"FBS","Bilans Alimentaires (2010-)","108","Burundi","511","Population totale","S2501","Population","2018","2018","1000 personnes","11175.37","X","Ciffre de sources internationales"
"FBS","Bilans Alimentaires (2010-)","108","Burundi","511","Population totale","S2501","Population","2019","2019","1000 personnes","11530.58","X","Ciffre de sources internationales"
"FBS","Bilans Alimentaires (2010-)","132","Cabo Verde","511","Population totale","S2501","Population","2018","2018","1000 personnes","544","X","Ciffre de sources internationales"
"FBS","Bilans Alimentaires (2010-)","132","Cabo Verde","511","Population totale","S2501","Population","2019","2019","1000 personnes","549.93","X","Ciffre de sources internationales"
"FBS","Bilans Alimentaires (2010-)","116","Cambodge","511","Population totale","S2501","Population","2018","2018","1000 personnes","16250","X","Ciffre de sources internationales"
"FBS","Bilans Alimentaires (2010-)","116","Cambodge","511","Population totale","S2501","Population","2019","2019","1000 personnes","16486.54","X","Ciffre de sources internationales"
"FBS","Bilans Alimentaires (2010-)","120","Cameroun","511","Population totale","S2501","Population","2018","2018","1000 personnes","25216","X","Ciffre de sources internationales"
"FBS","Bilans Alimentaires (2010-)","120","Cameroun","511","Population totale","S2501","Population","2019","2019","1000 personnes","25876.38","X","Ciffre de sources internationales"
"FBS","Bilans Alimentaires (2010-)","124","Canada","511","Population totale","S2501","Population","2018","2018","1000 personnes","37075","X","Ciffre de sources internationales"
"FBS","Bilans Alimentaires (2010-)","124","Canada","511","Population totale","S2501","Population","2019","2019","1000 personnes","37411.05","X","Ciffre de sources internationales"
"FBS","Bilans Alimentaires (2010-)","152","Chili","511","Population totale","S2501","Population","2018","2018","1000 personnes","18729","X","Ciffre de sources internationales"
"FBS","Bilans Alimentaires (2010-)","152","Chili","511","Population totale","S2501","Population","2019","2019","1000 personnes","18952.04","X","Ciffre de sources internationales"
"FBS","Bilans Alimentaires (2010-)","159","Chine","511","Population totale","S2501","Population","2018","2018","1000 personnes","1459378","X","Ciffre de sources internationales"
"FBS","Bilans Alimentaires (2010-)","159","Chine","511","Population totale","S2501","Population","2019","2019","1000 personnes","1465634.16","X","Ciffre de sources internationales"
"FBS","Bilans Alimentaires (2010-)","344","Chine - RAS de Hong-Kong","511","Population totale","S2501","Population","2018","2018","1000 personnes","7372","X","Ciffre de sources internationales"
"FBS","Bilans Alimentaires (2010-)","344","Chine - RAS de Hong-Kong","511","Population totale","S2501","Population","2019","2019","1000 personnes","7436.15","X","Ciffre de sources internationales"
"FBS","Bilans Alimentaires (2010-)","446","Chine - RAS de Macao","511","Population totale","S2501","Population","2018","2018","1000 personnes","632","X","Ciffre de sources internationales"
"FBS","Bilans Alimentaires (2010-)","446","Chine - RAS de Macao","511","Population totale","S2501","Population","2019","2019","1000 personnes","640.45","X","Ciffre de sources internationales"
"FBS","Bilans Alimentaires (2010-)","156","Chine, continentale","511","Population totale","S2501","Population","2018","2018","1000 personnes","1427648","X","Ciffre de sources internationales"
"FBS","Bilans Alimentaires (2010-)","156","Chine, continentale","511","Population totale","S2501","Population","2019","2019","1000 personnes","1433783.69","X","Ciffre de sources internationales"
"FBS","Bilans Alimentaires (2010-)","158","Chine, Taiwan Province de","511","Population totale","S2501","Population","2018","2018","1000 personnes","23726","X","Ciffre de sources internationales"
"FBS","Bilans Alimentaires (2010-)","158","Chine, Taiwan Province de","511","Population totale","S2501","Population","2019","2019","1000 personnes","23773.88","X","Ciffre de sources internationales"
"FBS","Bilans Alimentaires (2010-)","196","Chypre","511","Population totale","S2501","Population","2018","2018","1000 personnes","1189","X","Ciffre de sources internationales"
"FBS","Bilans Alimentaires (2010-)","196","Chypre","511","Population totale","S2501","Population","2019","2019","1000 personnes","1198.58","X","Ciffre de sources internationales"
"FBS","Bilans Alimentaires (2010-)","170","Colombie","511","Population totale","S2501","Population","2018","2018","1000 personnes","49661","X","Ciffre de sources internationales"
"FBS","Bilans Alimentaires (2010-)","170","Colombie","511","Population totale","S2501","Population","2019","2019","1000 personnes","50339.44","X","Ciffre de sources internationales"
"FBS","Bilans Alimentaires (2010-)","174","Comores","511","Population totale","S2501","Population","2018","2018","1000 personnes","832","X","Ciffre de sources internationales"
"FBS","Bilans Alimentaires (2010-)","174","Comores","511","Population totale","S2501","Population","2019","2019","1000 personnes","850.89","X","Ciffre de sources internationales"
"FBS","Bilans Alimentaires (2010-)","178","Congo","511","Population totale","S2501","Population","2018","2018","1000 personnes","5244","X","Ciffre de sources internationales"
"FBS","Bilans Alimentaires (2010-)","178","Congo","511","Population totale","S2501","Population","2019","2019","1000 personnes","5380.51","X","Ciffre de sources internationales"
"FBS","Bilans Alimentaires (2010-)","188","Costa Rica","511","Population totale","S2501","Population","2018","2018","1000 personnes","4999","X","Ciffre de sources internationales"
"FBS","Bilans Alimentaires (2010-)","188","Costa Rica","511","Population totale","S2501","Population","2019","2019","1000 personnes","5047.56","X","Ciffre de sources internationales"
"FBS","Bilans Alimentaires (2010-)","384","Côte d'Ivoire","511","Population totale","S2501","Population","2018","2018","1000 personnes","25069","X","Ciffre de sources internationales"
"FBS","Bilans Alimentaires (2010-)","384","Côte d'Ivoire","511","Population totale","S2501","Population","2019","2019","1000 personnes","25716.54","X","Ciffre de sources internationales"
"FBS","Bilans Alimentaires (2010-)","191","Croatie","511","Population totale","S2501","Population","2018","2018","1000 personnes","4156","X","Ciffre de sources internationales"
"FBS","Bilans Alimentaires (2010-)","191","Croatie","511","Population totale","S2501","Population","2019","2019","1000 personnes","4130.3","X","Ciffre de sources internationales"
"FBS","Bilans Alimentaires (2010-)","192","Cuba","511","Population totale","S2501","Population","2018","2018","1000 personnes","11338","X","Ciffre de sources internationales"
"FBS","Bilans Alimentaires (2010-)","192","Cuba","511","Population totale","S2501","Population","2019","2019","1000 personnes","11333.48","X","Ciffre de sources internationales"
"FBS","Bilans Alimentaires (2010-)","208","Danemark","511","Population totale","S2501","Population","2018","2018","1000 personnes","5752","X","Ciffre de sources internationales"
"FBS","Bilans Alimentaires (2010-)","208","Danemark","511","Population totale","S2501","Population","2019","2019","1000 personnes","5771.88","X","Ciffre de sources internationales"
"FBS","Bilans Alimentaires (2010-)","262","Djibouti","511","Population totale","S2501","Population","2018","2018","1000 personnes","959","X","Ciffre de sources internationales"
"FBS","Bilans Alimentaires (2010-)","262","Djibouti","511","Population totale","S2501","Population","2019","2019","1000 personnes","973.56","X","Ciffre de sources internationales"
"FBS","Bilans Alimentaires (2010-)","212","Dominique","511","Population totale","S2501","Population","2018","2018","1000 personnes","72","X","Ciffre de sources internationales"
"FBS","Bilans Alimentaires (2010-)","212","Dominique","511","Population totale","S2501","Population","2019","2019","1000 personnes","71.81","X","Ciffre de sources internationales"
"FBS","Bilans Alimentaires (2010-)","818","Égypte","511","Population totale","S2501","Population","2018","2018","1000 personnes","98424","X","Ciffre de sources internationales"
"FBS","Bilans Alimentaires (2010-)","818","Égypte","511","Population totale","S2501","Population","2019","2019","1000 personnes","100388.07","X","Ciffre de sources internationales"
"FBS","Bilans Alimentaires (2010-)","222","El Salvador","511","Population totale","S2501","Population","2018","2018","1000 personnes","6421","X","Ciffre de sources internationales"
"FBS","Bilans Alimentaires (2010-)","222","El Salvador","511","Population totale","S2501","Population","2019","2019","1000 personnes","6453.55","X","Ciffre de sources internationales"
"FBS","Bilans Alimentaires (2010-)","784","Émirats arabes unis","511","Population totale","S2501","Population","2018","2018","1000 personnes","9630.96","X","Ciffre de sources internationales"
"FBS","Bilans Alimentaires (2010-)","784","Émirats arabes unis","511","Population totale","S2501","Population","2019","2019","1000 personnes","9770.53","X","Ciffre de sources internationales"
"FBS","Bilans Alimentaires (2010-)","218","Équateur","511","Population totale","S2501","Population","2018","2018","1000 personnes","17084","X","Ciffre de sources internationales"
"FBS","Bilans Alimentaires (2010-)","218","Équateur","511","Population totale","S2501","Population","2019","2019","1000 personnes","17373.66","X","Ciffre de sources internationales"
"FBS","Bilans Alimentaires (2010-)","724","Espagne","511","Population totale","S2501","Population","2018","2018","1000 personnes","46693","X","Ciffre de sources internationales"
"FBS","Bilans Alimentaires (2010-)","724","Espagne","511","Population totale","S2501","Population","2019","2019","1000 personnes","46736.78","X","Ciffre de sources internationales"
"FBS","Bilans Alimentaires (2010-)","233","Estonie","511","Population totale","S2501","Population","2018","2018","1000 personnes","1323","X","Ciffre de sources internationales"
"FBS","Bilans Alimentaires (2010-)","233","Estonie","511","Population totale","S2501","Population","2019","2019","1000 personnes","1325.65","X","Ciffre de sources internationales"
"FBS","Bilans Alimentaires (2010-)","748","Eswatini","511","Population totale","S2501","Population","2018","2018","1000 personnes","1136","X","Ciffre de sources internationales"
"FBS","Bilans Alimentaires (2010-)","748","Eswatini","511","Population totale","S2501","Population","2019","2019","1000 personnes","1148.13","X","Ciffre de sources internationales"
"FBS","Bilans Alimentaires (2010-)","840","États-Unis d'Amérique","511","Population totale","S2501","Population","2018","2018","1000 personnes","327096","X","Ciffre de sources internationales"
"FBS","Bilans Alimentaires (2010-)","840","États-Unis d'Amérique","511","Population totale","S2501","Population","2019","2019","1000 personnes","329064.92","X","Ciffre de sources internationales"
"FBS","Bilans Alimentaires (2010-)","231","Éthiopie","511","Population totale","S2501","Population","2018","2018","1000 personnes","109224","X","Ciffre de sources internationales"
"FBS","Bilans Alimentaires (2010-)","231","Éthiopie","511","Population totale","S2501","Population","2019","2019","1000 personnes","112078.73","X","Ciffre de sources internationales"
"FBS","Bilans Alimentaires (2010-)","643","Fédération de Russie","511","Population totale","S2501","Population","2018","2018","1000 personnes","145734","X","Ciffre de sources internationales"
"FBS","Bilans Alimentaires (2010-)","643","Fédération de Russie","511","Population totale","S2501","Population","2019","2019","1000 personnes","145872.26","X","Ciffre de sources internationales"
"FBS","Bilans Alimentaires (2010-)","242","Fidji","511","Population totale","S2501","Population","2018","2018","1000 personnes","883","X","Ciffre de sources internationales"
"FBS","Bilans Alimentaires (2010-)","242","Fidji","511","Population totale","S2501","Population","2019","2019","1000 personnes","889.95","X","Ciffre de sources internationales"
"FBS","Bilans Alimentaires (2010-)","246","Finlande","511","Population totale","S2501","Population","2018","2018","1000 personnes","5523","X","Ciffre de sources internationales"
"FBS","Bilans Alimentaires (2010-)","246","Finlande","511","Population totale","S2501","Population","2019","2019","1000 personnes","5532.16","X","Ciffre de sources internationales"
"FBS","Bilans Alimentaires (2010-)","250","France","511","Population totale","S2501","Population","2018","2018","1000 personnes","66931","X","Ciffre de sources internationales"
"FBS","Bilans Alimentaires (2010-)","250","France","511","Population totale","S2501","Population","2019","2019","1000 personnes","65129.73","X","Ciffre de sources internationales"
"FBS","Bilans Alimentaires (2010-)","266","Gabon","511","Population totale","S2501","Population","2018","2018","1000 personnes","2119","X","Ciffre de sources internationales"
"FBS","Bilans Alimentaires (2010-)","266","Gabon","511","Population totale","S2501","Population","2019","2019","1000 personnes","2172.58","X","Ciffre de sources internationales"
"FBS","Bilans Alimentaires (2010-)","270","Gambie","511","Population totale","S2501","Population","2018","2018","1000 personnes","2280","X","Ciffre de sources internationales"
"FBS","Bilans Alimentaires (2010-)","270","Gambie","511","Population totale","S2501","Population","2019","2019","1000 personnes","2347.71","X","Ciffre de sources internationales"
"FBS","Bilans Alimentaires (2010-)","268","Géorgie","511","Population totale","S2501","Population","2018","2018","1000 personnes","4002.94","X","Ciffre de sources internationales"
"FBS","Bilans Alimentaires (2010-)","268","Géorgie","511","Population totale","S2501","Population","2019","2019","1000 personnes","3996.76","X","Ciffre de sources internationales"
"FBS","Bilans Alimentaires (2010-)","288","Ghana","511","Population totale","S2501","Population","2018","2018","1000 personnes","29767","X","Ciffre de sources internationales"
"FBS","Bilans Alimentaires (2010-)","288","Ghana","511","Population totale","S2501","Population","2019","2019","1000 personnes","30417.86","X","Ciffre de sources internationales"
"FBS","Bilans Alimentaires (2010-)","300","Grèce","511","Population totale","S2501","Population","2018","2018","1000 personnes","10522","X","Ciffre de sources internationales"
"FBS","Bilans Alimentaires (2010-)","300","Grèce","511","Population totale","S2501","Population","2019","2019","1000 personnes","10473.45","X","Ciffre de sources internationales"
"FBS","Bilans Alimentaires (2010-)","308","Grenade","511","Population totale","S2501","Population","2018","2018","1000 personnes","111","X","Ciffre de sources internationales"
"FBS","Bilans Alimentaires (2010-)","308","Grenade","511","Population totale","S2501","Population","2019","2019","1000 personnes","112","X","Ciffre de sources internationales"
"FBS","Bilans Alimentaires (2010-)","320","Guatemala","511","Population totale","S2501","Population","2018","2018","1000 personnes","17248","X","Ciffre de sources internationales"
"FBS","Bilans Alimentaires (2010-)","320","Guatemala","511","Population totale","S2501","Population","2019","2019","1000 personnes","17581.47","X","Ciffre de sources internationales"
"FBS","Bilans Alimentaires (2010-)","324","Guinée","511","Population totale","S2501","Population","2018","2018","1000 personnes","12414","X","Ciffre de sources internationales"
"FBS","Bilans Alimentaires (2010-)","324","Guinée","511","Population totale","S2501","Population","2019","2019","1000 personnes","12771.25","X","Ciffre de sources internationales"
"FBS","Bilans Alimentaires (2010-)","624","Guinée-Bissau","511","Population totale","S2501","Population","2018","2018","1000 personnes","1874","X","Ciffre de sources internationales"
"FBS","Bilans Alimentaires (2010-)","624","Guinée-Bissau","511","Population totale","S2501","Population","2019","2019","1000 personnes","1920.92","X","Ciffre de sources internationales"
"FBS","Bilans Alimentaires (2010-)","328","Guyana","511","Population totale","S2501","Population","2018","2018","1000 personnes","779.01","X","Ciffre de sources internationales"
"FBS","Bilans Alimentaires (2010-)","328","Guyana","511","Population totale","S2501","Population","2019","2019","1000 personnes","782.77","X","Ciffre de sources internationales"
"FBS","Bilans Alimentaires (2010-)","332","Haïti","511","Population totale","S2501","Population","2018","2018","1000 personnes","11123","X","Ciffre de sources internationales"
"FBS","Bilans Alimentaires (2010-)","332","Haïti","511","Population totale","S2501","Population","2019","2019","1000 personnes","11263.08","X","Ciffre de sources internationales"
"FBS","Bilans Alimentaires (2010-)","340","Honduras","511","Population totale","S2501","Population","2018","2018","1000 personnes","9588","X","Ciffre de sources internationales"
"FBS","Bilans Alimentaires (2010-)","340","Honduras","511","Population totale","S2501","Population","2019","2019","1000 personnes","9746.12","X","Ciffre de sources internationales"
"FBS","Bilans Alimentaires (2010-)","348","Hongrie","511","Population totale","S2501","Population","2018","2018","1000 personnes","9707","X","Ciffre de sources internationales"
"FBS","Bilans Alimentaires (2010-)","348","Hongrie","511","Population totale","S2501","Population","2019","2019","1000 personnes","9684.68","X","Ciffre de sources internationales"
"FBS","Bilans Alimentaires (2010-)","090","Îles Salomon","511","Population totale","S2501","Population","2018","2018","1000 personnes","653","X","Ciffre de sources internationales"
"FBS","Bilans Alimentaires (2010-)","090","Îles Salomon","511","Population totale","S2501","Population","2019","2019","1000 personnes","669.82","X","Ciffre de sources internationales"
"FBS","Bilans Alimentaires (2010-)","356","Inde","511","Population totale","S2501","Population","2018","2018","1000 personnes","1352642.28","X","Ciffre de sources internationales"
"FBS","Bilans Alimentaires (2010-)","356","Inde","511","Population totale","S2501","Population","2019","2019","1000 personnes","1366417.75","X","Ciffre de sources internationales"
"FBS","Bilans Alimentaires (2010-)","360","Indonésie","511","Population totale","S2501","Population","2018","2018","1000 personnes","267671","X","Ciffre de sources internationales"
"FBS","Bilans Alimentaires (2010-)","360","Indonésie","511","Population totale","S2501","Population","2019","2019","1000 personnes","270625.57","X","Ciffre de sources internationales"
"FBS","Bilans Alimentaires (2010-)","364","Iran (République islamique d')","511","Population totale","S2501","Population","2018","2018","1000 personnes","81800","X","Ciffre de sources internationales"
"FBS","Bilans Alimentaires (2010-)","364","Iran (République islamique d')","511","Population totale","S2501","Population","2019","2019","1000 personnes","82913.91","X","Ciffre de sources internationales"
"FBS","Bilans Alimentaires (2010-)","368","Iraq","511","Population totale","S2501","Population","2018","2018","1000 personnes","32965","X","Ciffre de sources internationales"
"FBS","Bilans Alimentaires (2010-)","368","Iraq","511","Population totale","S2501","Population","2019","2019","1000 personnes","33716.77","X","Ciffre de sources internationales"
"FBS","Bilans Alimentaires (2010-)","372","Irlande","511","Population totale","S2501","Population","2018","2018","1000 personnes","4819","X","Ciffre de sources internationales"
"FBS","Bilans Alimentaires (2010-)","372","Irlande","511","Population totale","S2501","Population","2019","2019","1000 personnes","4882.49","X","Ciffre de sources internationales"
"FBS","Bilans Alimentaires (2010-)","352","Islande","511","Population totale","S2501","Population","2018","2018","1000 personnes","337","X","Ciffre de sources internationales"
"FBS","Bilans Alimentaires (2010-)","352","Islande","511","Population totale","S2501","Population","2019","2019","1000 personnes","339.03","X","Ciffre de sources internationales"
"FBS","Bilans Alimentaires (2010-)","376","Israël","511","Population totale","S2501","Population","2018","2018","1000 personnes","8382","X","Ciffre de sources internationales"
"FBS","Bilans Alimentaires (2010-)","376","Israël","511","Population totale","S2501","Population","2019","2019","1000 personnes","8519.38","X","Ciffre de sources internationales"
"FBS","Bilans Alimentaires (2010-)","380","Italie","511","Population totale","S2501","Population","2018","2018","1000 personnes","60627","X","Ciffre de sources internationales"
"FBS","Bilans Alimentaires (2010-)","380","Italie","511","Population totale","S2501","Population","2019","2019","1000 personnes","60550.07","X","Ciffre de sources internationales"
"FBS","Bilans Alimentaires (2010-)","388","Jamaïque","511","Population totale","S2501","Population","2018","2018","1000 personnes","2935","X","Ciffre de sources internationales"
"FBS","Bilans Alimentaires (2010-)","388","Jamaïque","511","Population totale","S2501","Population","2019","2019","1000 personnes","2948.28","X","Ciffre de sources internationales"
"FBS","Bilans Alimentaires (2010-)","392","Japon","511","Population totale","S2501","Population","2018","2018","1000 personnes","127202","X","Ciffre de sources internationales"
"FBS","Bilans Alimentaires (2010-)","392","Japon","511","Population totale","S2501","Population","2019","2019","1000 personnes","126860.3","X","Ciffre de sources internationales"
"FBS","Bilans Alimentaires (2010-)","400","Jordanie","511","Population totale","S2501","Population","2018","2018","1000 personnes","9965","X","Ciffre de sources internationales"
"FBS","Bilans Alimentaires (2010-)","400","Jordanie","511","Population totale","S2501","Population","2019","2019","1000 personnes","10101.69","X","Ciffre de sources internationales"
"FBS","Bilans Alimentaires (2010-)","398","Kazakhstan","511","Population totale","S2501","Population","2018","2018","1000 personnes","18320","X","Ciffre de sources internationales"
"FBS","Bilans Alimentaires (2010-)","398","Kazakhstan","511","Population totale","S2501","Population","2019","2019","1000 personnes","18551.43","X","Ciffre de sources internationales"
"FBS","Bilans Alimentaires (2010-)","404","Kenya","511","Population totale","S2501","Population","2018","2018","1000 personnes","51393","X","Ciffre de sources internationales"
"FBS","Bilans Alimentaires (2010-)","404","Kenya","511","Population totale","S2501","Population","2019","2019","1000 personnes","52573.97","X","Ciffre de sources internationales"
"FBS","Bilans Alimentaires (2010-)","417","Kirghizistan","511","Population totale","S2501","Population","2018","2018","1000 personnes","6304","X","Ciffre de sources internationales"
"FBS","Bilans Alimentaires (2010-)","417","Kirghizistan","511","Population totale","S2501","Population","2019","2019","1000 personnes","6415.85","X","Ciffre de sources internationales"
"FBS","Bilans Alimentaires (2010-)","296","Kiribati","511","Population totale","S2501","Population","2018","2018","1000 personnes","116","X","Ciffre de sources internationales"
"FBS","Bilans Alimentaires (2010-)","296","Kiribati","511","Population totale","S2501","Population","2019","2019","1000 personnes","117.61","X","Ciffre de sources internationales"
"FBS","Bilans Alimentaires (2010-)","414","Koweït","511","Population totale","S2501","Population","2018","2018","1000 personnes","4137","X","Ciffre de sources internationales"
"FBS","Bilans Alimentaires (2010-)","414","Koweït","511","Population totale","S2501","Population","2019","2019","1000 personnes","4207.08","X","Ciffre de sources internationales"
"FBS","Bilans Alimentaires (2010-)","426","Lesotho","511","Population totale","S2501","Population","2018","2018","1000 personnes","2108","X","Ciffre de sources internationales"
"FBS","Bilans Alimentaires (2010-)","426","Lesotho","511","Population totale","S2501","Population","2019","2019","1000 personnes","2125.27","X","Ciffre de sources internationales"
"FBS","Bilans Alimentaires (2010-)","428","Lettonie","511","Population totale","S2501","Population","2018","2018","1000 personnes","1928","X","Ciffre de sources internationales"
"FBS","Bilans Alimentaires (2010-)","428","Lettonie","511","Population totale","S2501","Population","2019","2019","1000 personnes","1906.74","X","Ciffre de sources internationales"
"FBS","Bilans Alimentaires (2010-)","422","Liban","511","Population totale","S2501","Population","2018","2018","1000 personnes","6859","X","Ciffre de sources internationales"
"FBS","Bilans Alimentaires (2010-)","422","Liban","511","Population totale","S2501","Population","2019","2019","1000 personnes","6855.71","X","Ciffre de sources internationales"
"FBS","Bilans Alimentaires (2010-)","430","Libéria","511","Population totale","S2501","Population","2018","2018","1000 personnes","4819","X","Ciffre de sources internationales"
"FBS","Bilans Alimentaires (2010-)","430","Libéria","511","Population totale","S2501","Population","2019","2019","1000 personnes","4937.37","X","Ciffre de sources internationales"
"FBS","Bilans Alimentaires (2010-)","434","Libye","511","Population totale","S2501","Population","2018","2018","1000 personnes","6679","X","Ciffre de sources internationales"
"FBS","Bilans Alimentaires (2010-)","434","Libye","511","Population totale","S2501","Population","2019","2019","1000 personnes","6777.45","X","Ciffre de sources internationales"
"FBS","Bilans Alimentaires (2010-)","440","Lituanie","511","Population totale","S2501","Population","2018","2018","1000 personnes","2801","X","Ciffre de sources internationales"
"FBS","Bilans Alimentaires (2010-)","440","Lituanie","511","Population totale","S2501","Population","2019","2019","1000 personnes","2759.63","X","Ciffre de sources internationales"
"FBS","Bilans Alimentaires (2010-)","442","Luxembourg","511","Population totale","S2501","Population","2018","2018","1000 personnes","604","X","Ciffre de sources internationales"
"FBS","Bilans Alimentaires (2010-)","442","Luxembourg","511","Population totale","S2501","Population","2019","2019","1000 personnes","615.73","X","Ciffre de sources internationales"
"FBS","Bilans Alimentaires (2010-)","807","Macédoine du Nord","511","Population totale","S2501","Population","2018","2018","1000 personnes","2083","X","Ciffre de sources internationales"
"FBS","Bilans Alimentaires (2010-)","807","Macédoine du Nord","511","Population totale","S2501","Population","2019","2019","1000 personnes","2083.46","X","Ciffre de sources internationales"
"FBS","Bilans Alimentaires (2010-)","450","Madagascar","511","Population totale","S2501","Population","2018","2018","1000 personnes","26262","X","Ciffre de sources internationales"
"FBS","Bilans Alimentaires (2010-)","450","Madagascar","511","Population totale","S2501","Population","2019","2019","1000 personnes","26969.31","X","Ciffre de sources internationales"
"FBS","Bilans Alimentaires (2010-)","458","Malaisie","511","Population totale","S2501","Population","2018","2018","1000 personnes","31528","X","Ciffre de sources internationales"
"FBS","Bilans Alimentaires (2010-)","458","Malaisie","511","Population totale","S2501","Population","2019","2019","1000 personnes","31949.78","X","Ciffre de sources internationales"
"FBS","Bilans Alimentaires (2010-)","454","Malawi","511","Population totale","S2501","Population","2018","2018","1000 personnes","18143","X","Ciffre de sources internationales"
"FBS","Bilans Alimentaires (2010-)","454","Malawi","511","Population totale","S2501","Population","2019","2019","1000 personnes","18628.75","X","Ciffre de sources internationales"
"FBS","Bilans Alimentaires (2010-)","462","Maldives","511","Population totale","S2501","Population","2018","2018","1000 personnes","516","X","Ciffre de sources internationales"
"FBS","Bilans Alimentaires (2010-)","462","Maldives","511","Population totale","S2501","Population","2019","2019","1000 personnes","530.95","X","Ciffre de sources internationales"
"FBS","Bilans Alimentaires (2010-)","466","Mali","511","Population totale","S2501","Population","2018","2018","1000 personnes","19078","X","Ciffre de sources internationales"
"FBS","Bilans Alimentaires (2010-)","466","Mali","511","Population totale","S2501","Population","2019","2019","1000 personnes","19658.03","X","Ciffre de sources internationales"
"FBS","Bilans Alimentaires (2010-)","470","Malte","511","Population totale","S2501","Population","2018","2018","1000 personnes","439","X","Ciffre de sources internationales"
"FBS","Bilans Alimentaires (2010-)","470","Malte","511","Population totale","S2501","Population","2019","2019","1000 personnes","440.37","X","Ciffre de sources internationales"
"FBS","Bilans Alimentaires (2010-)","504","Maroc","511","Population totale","S2501","Population","2018","2018","1000 personnes","36029","X","Ciffre de sources internationales"
"FBS","Bilans Alimentaires (2010-)","504","Maroc","511","Population totale","S2501","Population","2019","2019","1000 personnes","36471.77","X","Ciffre de sources internationales"
"FBS","Bilans Alimentaires (2010-)","480","Maurice","511","Population totale","S2501","Population","2018","2018","1000 personnes","1267","X","Ciffre de sources internationales"
"FBS","Bilans Alimentaires (2010-)","480","Maurice","511","Population totale","S2501","Population","2019","2019","1000 personnes","1269.67","X","Ciffre de sources internationales"
"FBS","Bilans Alimentaires (2010-)","478","Mauritanie","511","Population totale","S2501","Population","2018","2018","1000 personnes","4403","X","Ciffre de sources internationales"
"FBS","Bilans Alimentaires (2010-)","478","Mauritanie","511","Population totale","S2501","Population","2019","2019","1000 personnes","4525.7","X","Ciffre de sources internationales"
"FBS","Bilans Alimentaires (2010-)","484","Mexique","511","Population totale","S2501","Population","2018","2018","1000 personnes","126191","X","Ciffre de sources internationales"
"FBS","Bilans Alimentaires (2010-)","484","Mexique","511","Population totale","S2501","Population","2019","2019","1000 personnes","127575.53","X","Ciffre de sources internationales"
"FBS","Bilans Alimentaires (2010-)","583","Micronésie (États fédérés de)","511","Population totale","S2501","Population","2019","2019","1000 personnes","113.81","X","Ciffre de sources internationales"
"FBS","Bilans Alimentaires (2010-)","496","Mongolie","511","Population totale","S2501","Population","2018","2018","1000 personnes","3170","X","Ciffre de sources internationales"
"FBS","Bilans Alimentaires (2010-)","496","Mongolie","511","Population totale","S2501","Population","2019","2019","1000 personnes","3225.17","X","Ciffre de sources internationales"
"FBS","Bilans Alimentaires (2010-)","499","Monténégro","511","Population totale","S2501","Population","2018","2018","1000 personnes","628","X","Ciffre de sources internationales"
"FBS","Bilans Alimentaires (2010-)","499","Monténégro","511","Population totale","S2501","Population","2019","2019","1000 personnes","627.99","X","Ciffre de sources internationales"
"FBS","Bilans Alimentaires (2010-)","508","Mozambique","511","Population totale","S2501","Population","2018","2018","1000 personnes","29496","X","Ciffre de sources internationales"
"FBS","Bilans Alimentaires (2010-)","508","Mozambique","511","Population totale","S2501","Population","2019","2019","1000 personnes","30366.04","X","Ciffre de sources internationales"
"FBS","Bilans Alimentaires (2010-)","104","Myanmar","511","Population totale","S2501","Population","2018","2018","1000 personnes","53708","X","Ciffre de sources internationales"
"FBS","Bilans Alimentaires (2010-)","104","Myanmar","511","Population totale","S2501","Population","2019","2019","1000 personnes","54045.42","X","Ciffre de sources internationales"
"FBS","Bilans Alimentaires (2010-)","516","Namibie","511","Population totale","S2501","Population","2018","2018","1000 personnes","2448","X","Ciffre de sources internationales"
"FBS","Bilans Alimentaires (2010-)","516","Namibie","511","Population totale","S2501","Population","2019","2019","1000 personnes","2494.53","X","Ciffre de sources internationales"
"FBS","Bilans Alimentaires (2010-)","520","Nauru","511","Population totale","S2501","Population","2019","2019","1000 personnes","10.76","X","Ciffre de sources internationales"
"FBS","Bilans Alimentaires (2010-)","524","Népal","511","Population totale","S2501","Population","2018","2018","1000 personnes","28096","X","Ciffre de sources internationales"
"FBS","Bilans Alimentaires (2010-)","524","Népal","511","Population totale","S2501","Population","2019","2019","1000 personnes","28608.71","X","Ciffre de sources internationales"
"FBS","Bilans Alimentaires (2010-)","558","Nicaragua","511","Population totale","S2501","Population","2018","2018","1000 personnes","6466","X","Ciffre de sources internationales"
"FBS","Bilans Alimentaires (2010-)","558","Nicaragua","511","Population totale","S2501","Population","2019","2019","1000 personnes","6545.5","X","Ciffre de sources internationales"
"FBS","Bilans Alimentaires (2010-)","562","Niger","511","Population totale","S2501","Population","2018","2018","1000 personnes","22443","X","Ciffre de sources internationales"
"FBS","Bilans Alimentaires (2010-)","562","Niger","511","Population totale","S2501","Population","2019","2019","1000 personnes","23310.72","X","Ciffre de sources internationales"
"FBS","Bilans Alimentaires (2010-)","566","Nigéria","511","Population totale","S2501","Population","2018","2018","1000 personnes","195875","X","Ciffre de sources internationales"
"FBS","Bilans Alimentaires (2010-)","566","Nigéria","511","Population totale","S2501","Population","2019","2019","1000 personnes","200963.6","X","Ciffre de sources internationales"
"FBS","Bilans Alimentaires (2010-)","578","Norvège","511","Population totale","S2501","Population","2018","2018","1000 personnes","5338","X","Ciffre de sources internationales"
"FBS","Bilans Alimentaires (2010-)","578","Norvège","511","Population totale","S2501","Population","2019","2019","1000 personnes","5378.86","X","Ciffre de sources internationales"
"FBS","Bilans Alimentaires (2010-)","540","Nouvelle-Calédonie","511","Population totale","S2501","Population","2018","2018","1000 personnes","280","X","Ciffre de sources internationales"
"FBS","Bilans Alimentaires (2010-)","540","Nouvelle-Calédonie","511","Population totale","S2501","Population","2019","2019","1000 personnes","282.75","X","Ciffre de sources internationales"
"FBS","Bilans Alimentaires (2010-)","554","Nouvelle-Zélande","511","Population totale","S2501","Population","2018","2018","1000 personnes","4743","X","Ciffre de sources internationales"
"FBS","Bilans Alimentaires (2010-)","554","Nouvelle-Zélande","511","Population totale","S2501","Population","2019","2019","1000 personnes","4783.06","X","Ciffre de sources internationales"
"FBS","Bilans Alimentaires (2010-)","512","Oman","511","Population totale","S2501","Population","2018","2018","1000 personnes","4829","X","Ciffre de sources internationales"
"FBS","Bilans Alimentaires (2010-)","512","Oman","511","Population totale","S2501","Population","2019","2019","1000 personnes","4974.99","X","Ciffre de sources internationales"
"FBS","Bilans Alimentaires (2010-)","800","Ouganda","511","Population totale","S2501","Population","2018","2018","1000 personnes","42729","X","Ciffre de sources internationales"
"FBS","Bilans Alimentaires (2010-)","800","Ouganda","511","Population totale","S2501","Population","2019","2019","1000 personnes","44269.59","X","Ciffre de sources internationales"
"FBS","Bilans Alimentaires (2010-)","860","Ouzbékistan","511","Population totale","S2501","Population","2018","2018","1000 personnes","32476","X","Ciffre de sources internationales"
"FBS","Bilans Alimentaires (2010-)","860","Ouzbékistan","511","Population totale","S2501","Population","2019","2019","1000 personnes","32981.72","X","Ciffre de sources internationales"
"FBS","Bilans Alimentaires (2010-)","586","Pakistan","511","Population totale","S2501","Population","2018","2018","1000 personnes","212228","X","Ciffre de sources internationales"
"FBS","Bilans Alimentaires (2010-)","586","Pakistan","511","Population totale","S2501","Population","2019","2019","1000 personnes","216565.32","X","Ciffre de sources internationales"
"FBS","Bilans Alimentaires (2010-)","591","Panama","511","Population totale","S2501","Population","2018","2018","1000 personnes","4177","X","Ciffre de sources internationales"
"FBS","Bilans Alimentaires (2010-)","591","Panama","511","Population totale","S2501","Population","2019","2019","1000 personnes","4246.44","X","Ciffre de sources internationales"
"FBS","Bilans Alimentaires (2010-)","598","Papouasie-Nouvelle-Guinée","511","Population totale","S2501","Population","2018","2018","1000 personnes","8606","X","Ciffre de sources internationales"
"FBS","Bilans Alimentaires (2010-)","598","Papouasie-Nouvelle-Guinée","511","Population totale","S2501","Population","2019","2019","1000 personnes","8776.11","X","Ciffre de sources internationales"
"FBS","Bilans Alimentaires (2010-)","600","Paraguay","511","Population totale","S2501","Population","2018","2018","1000 personnes","6956","X","Ciffre de sources internationales"
"FBS","Bilans Alimentaires (2010-)","600","Paraguay","511","Population totale","S2501","Population","2019","2019","1000 personnes","7044.64","X","Ciffre de sources internationales"
"FBS","Bilans Alimentaires (2010-)","528","Pays-Bas","511","Population totale","S2501","Population","2018","2018","1000 personnes","17060","X","Ciffre de sources internationales"
"FBS","Bilans Alimentaires (2010-)","528","Pays-Bas","511","Population totale","S2501","Population","2019","2019","1000 personnes","17097.13","X","Ciffre de sources internationales"
"FBS","Bilans Alimentaires (2010-)","604","Pérou","511","Population totale","S2501","Population","2018","2018","1000 personnes","31989","X","Ciffre de sources internationales"
"FBS","Bilans Alimentaires (2010-)","604","Pérou","511","Population totale","S2501","Population","2019","2019","1000 personnes","32510.45","X","Ciffre de sources internationales"
"FBS","Bilans Alimentaires (2010-)","608","Philippines","511","Population totale","S2501","Population","2018","2018","1000 personnes","106651","X","Ciffre de sources internationales"
"FBS","Bilans Alimentaires (2010-)","608","Philippines","511","Population totale","S2501","Population","2019","2019","1000 personnes","108116.62","X","Ciffre de sources internationales"
"FBS","Bilans Alimentaires (2010-)","616","Pologne","511","Population totale","S2501","Population","2018","2018","1000 personnes","37922","X","Ciffre de sources internationales"
"FBS","Bilans Alimentaires (2010-)","616","Pologne","511","Population totale","S2501","Population","2019","2019","1000 personnes","37887.77","X","Ciffre de sources internationales"
"FBS","Bilans Alimentaires (2010-)","258","Polynésie française","511","Population totale","S2501","Population","2018","2018","1000 personnes","278","X","Ciffre de sources internationales"
"FBS","Bilans Alimentaires (2010-)","258","Polynésie française","511","Population totale","S2501","Population","2019","2019","1000 personnes","279.29","X","Ciffre de sources internationales"
"FBS","Bilans Alimentaires (2010-)","620","Portugal","511","Population totale","S2501","Population","2018","2018","1000 personnes","10256","X","Ciffre de sources internationales"
"FBS","Bilans Alimentaires (2010-)","620","Portugal","511","Population totale","S2501","Population","2019","2019","1000 personnes","10226.19","X","Ciffre de sources internationales"
"FBS","Bilans Alimentaires (2010-)","634","Qatar","511","Population totale","S2501","Population","2019","2019","1000 personnes","2832.07","X","Ciffre de sources internationales"
"FBS","Bilans Alimentaires (2010-)","760","République arabe syrienne","511","Population totale","S2501","Population","2018","2018","1000 personnes","16945","X","Ciffre de sources internationales"
"FBS","Bilans Alimentaires (2010-)","760","République arabe syrienne","511","Population totale","S2501","Population","2019","2019","1000 personnes","17070.13","X","Ciffre de sources internationales"
"FBS","Bilans Alimentaires (2010-)","140","République centrafricaine","511","Population totale","S2501","Population","2018","2018","1000 personnes","4666","X","Ciffre de sources internationales"
"FBS","Bilans Alimentaires (2010-)","140","République centrafricaine","511","Population totale","S2501","Population","2019","2019","1000 personnes","4745.19","X","Ciffre de sources internationales"
"FBS","Bilans Alimentaires (2010-)","410","République de Corée","511","Population totale","S2501","Population","2018","2018","1000 personnes","51172","X","Ciffre de sources internationales"
"FBS","Bilans Alimentaires (2010-)","410","République de Corée","511","Population totale","S2501","Population","2019","2019","1000 personnes","51225.31","X","Ciffre de sources internationales"
"FBS","Bilans Alimentaires (2010-)","498","République de Moldova","511","Population totale","S2501","Population","2018","2018","1000 personnes","4052","X","Ciffre de sources internationales"
"FBS","Bilans Alimentaires (2010-)","498","République de Moldova","511","Population totale","S2501","Population","2019","2019","1000 personnes","4043.26","X","Ciffre de sources internationales"
"FBS","Bilans Alimentaires (2010-)","180","République démocratique du Congo","511","Population totale","S2501","Population","2018","2018","1000 personnes","84068.09","X","Ciffre de sources internationales"
"FBS","Bilans Alimentaires (2010-)","180","République démocratique du Congo","511","Population totale","S2501","Population","2019","2019","1000 personnes","86790.57","X","Ciffre de sources internationales"
"FBS","Bilans Alimentaires (2010-)","418","République démocratique populaire lao","511","Population totale","S2501","Population","2018","2018","1000 personnes","7062","X","Ciffre de sources internationales"
"FBS","Bilans Alimentaires (2010-)","418","République démocratique populaire lao","511","Population totale","S2501","Population","2019","2019","1000 personnes","7169.45","X","Ciffre de sources internationales"
"FBS","Bilans Alimentaires (2010-)","214","République dominicaine","511","Population totale","S2501","Population","2018","2018","1000 personnes","10627","X","Ciffre de sources internationales"
"FBS","Bilans Alimentaires (2010-)","214","République dominicaine","511","Population totale","S2501","Population","2019","2019","1000 personnes","10738.96","X","Ciffre de sources internationales"
"FBS","Bilans Alimentaires (2010-)","408","République populaire démocratique de Corée","511","Population totale","S2501","Population","2018","2018","1000 personnes","25550","X","Ciffre de sources internationales"
"FBS","Bilans Alimentaires (2010-)","408","République populaire démocratique de Corée","511","Population totale","S2501","Population","2019","2019","1000 personnes","25666.16","X","Ciffre de sources internationales"
"FBS","Bilans Alimentaires (2010-)","834","République-Unie de Tanzanie","511","Population totale","S2501","Population","2018","2018","1000 personnes","56313","X","Ciffre de sources internationales"
"FBS","Bilans Alimentaires (2010-)","834","République-Unie de Tanzanie","511","Population totale","S2501","Population","2019","2019","1000 personnes","58005.46","X","Ciffre de sources internationales"
"FBS","Bilans Alimentaires (2010-)","642","Roumanie","511","Population totale","S2501","Population","2018","2018","1000 personnes","19506","X","Ciffre de sources internationales"
"FBS","Bilans Alimentaires (2010-)","642","Roumanie","511","Population totale","S2501","Population","2019","2019","1000 personnes","19364.56","X","Ciffre de sources internationales"
"FBS","Bilans Alimentaires (2010-)","826","Royaume-Uni de Grande-Bretagne et d'Irlande du Nord","511","Population totale","S2501","Population","2018","2018","1000 personnes","67142","X","Ciffre de sources internationales"
"FBS","Bilans Alimentaires (2010-)","826","Royaume-Uni de Grande-Bretagne et d'Irlande du Nord","511","Population totale","S2501","Population","2019","2019","1000 personnes","67530.17","X","Ciffre de sources internationales"
"FBS","Bilans Alimentaires (2010-)","646","Rwanda","511","Population totale","S2501","Population","2018","2018","1000 personnes","12302","X","Ciffre de sources internationales"
"FBS","Bilans Alimentaires (2010-)","646","Rwanda","511","Population totale","S2501","Population","2019","2019","1000 personnes","12626.95","X","Ciffre de sources internationales"
"FBS","Bilans Alimentaires (2010-)","662","Sainte-Lucie","511","Population totale","S2501","Population","2018","2018","1000 personnes","182","X","Ciffre de sources internationales"
"FBS","Bilans Alimentaires (2010-)","662","Sainte-Lucie","511","Population totale","S2501","Population","2019","2019","1000 personnes","182.79","X","Ciffre de sources internationales"
"FBS","Bilans Alimentaires (2010-)","659","Saint-Kitts-et-Nevis","511","Population totale","S2501","Population","2018","2018","1000 personnes","52","X","Ciffre de sources internationales"
"FBS","Bilans Alimentaires (2010-)","659","Saint-Kitts-et-Nevis","511","Population totale","S2501","Population","2019","2019","1000 personnes","52.82","X","Ciffre de sources internationales"
"FBS","Bilans Alimentaires (2010-)","670","Saint-Vincent-et-les Grenadines","511","Population totale","S2501","Population","2018","2018","1000 personnes","110","X","Ciffre de sources internationales"
"FBS","Bilans Alimentaires (2010-)","670","Saint-Vincent-et-les Grenadines","511","Population totale","S2501","Population","2019","2019","1000 personnes","110.59","X","Ciffre de sources internationales"
"FBS","Bilans Alimentaires (2010-)","882","Samoa","511","Population totale","S2501","Population","2018","2018","1000 personnes","196","X","Ciffre de sources internationales"
"FBS","Bilans Alimentaires (2010-)","882","Samoa","511","Population totale","S2501","Population","2019","2019","1000 personnes","197.1","X","Ciffre de sources internationales"
"FBS","Bilans Alimentaires (2010-)","678","Sao Tomé-et-Principe","511","Population totale","S2501","Population","2018","2018","1000 personnes","211","X","Ciffre de sources internationales"
"FBS","Bilans Alimentaires (2010-)","678","Sao Tomé-et-Principe","511","Population totale","S2501","Population","2019","2019","1000 personnes","215.06","X","Ciffre de sources internationales"
"FBS","Bilans Alimentaires (2010-)","686","Sénégal","511","Population totale","S2501","Population","2018","2018","1000 personnes","15854","X","Ciffre de sources internationales"
"FBS","Bilans Alimentaires (2010-)","686","Sénégal","511","Population totale","S2501","Population","2019","2019","1000 personnes","16296.36","X","Ciffre de sources internationales"
"FBS","Bilans Alimentaires (2010-)","688","Serbie","511","Population totale","S2501","Population","2018","2018","1000 personnes","8803","X","Ciffre de sources internationales"
"FBS","Bilans Alimentaires (2010-)","688","Serbie","511","Population totale","S2501","Population","2019","2019","1000 personnes","8772.24","X","Ciffre de sources internationales"
"FBS","Bilans Alimentaires (2010-)","690","Seychelles","511","Population totale","S2501","Population","2018","2018","1000 personnes","97","X","Ciffre de sources internationales"
"FBS","Bilans Alimentaires (2010-)","690","Seychelles","511","Population totale","S2501","Population","2019","2019","1000 personnes","97.74","X","Ciffre de sources internationales"
"FBS","Bilans Alimentaires (2010-)","694","Sierra Leone","511","Population totale","S2501","Population","2018","2018","1000 personnes","7650","X","Ciffre de sources internationales"
"FBS","Bilans Alimentaires (2010-)","694","Sierra Leone","511","Population totale","S2501","Population","2019","2019","1000 personnes","7813.22","X","Ciffre de sources internationales"
"FBS","Bilans Alimentaires (2010-)","703","Slovaquie","511","Population totale","S2501","Population","2018","2018","1000 personnes","5453","X","Ciffre de sources internationales"
"FBS","Bilans Alimentaires (2010-)","703","Slovaquie","511","Population totale","S2501","Population","2019","2019","1000 personnes","5457.01","X","Ciffre de sources internationales"
"FBS","Bilans Alimentaires (2010-)","705","Slovénie","511","Population totale","S2501","Population","2018","2018","1000 personnes","2078","X","Ciffre de sources internationales"
"FBS","Bilans Alimentaires (2010-)","705","Slovénie","511","Population totale","S2501","Population","2019","2019","1000 personnes","2078.65","X","Ciffre de sources internationales"
"FBS","Bilans Alimentaires (2010-)","729","Soudan","511","Population totale","S2501","Population","2018","2018","1000 personnes","41802","X","Ciffre de sources internationales"
"FBS","Bilans Alimentaires (2010-)","729","Soudan","511","Population totale","S2501","Population","2019","2019","1000 personnes","42813.24","X","Ciffre de sources internationales"
"FBS","Bilans Alimentaires (2010-)","728","Soudan du Sud","511","Population totale","S2501","Population","2019","2019","1000 personnes","11062.11","X","Ciffre de sources internationales"
"FBS","Bilans Alimentaires (2010-)","144","Sri Lanka","511","Population totale","S2501","Population","2018","2018","1000 personnes","21229","X","Ciffre de sources internationales"
"FBS","Bilans Alimentaires (2010-)","144","Sri Lanka","511","Population totale","S2501","Population","2019","2019","1000 personnes","21323.73","X","Ciffre de sources internationales"
"FBS","Bilans Alimentaires (2010-)","752","Suède","511","Population totale","S2501","Population","2018","2018","1000 personnes","9972","X","Ciffre de sources internationales"
"FBS","Bilans Alimentaires (2010-)","752","Suède","511","Population totale","S2501","Population","2019","2019","1000 personnes","10036.38","X","Ciffre de sources internationales"
"FBS","Bilans Alimentaires (2010-)","756","Suisse","511","Population totale","S2501","Population","2018","2018","1000 personnes","8526","X","Ciffre de sources internationales"
"FBS","Bilans Alimentaires (2010-)","756","Suisse","511","Population totale","S2501","Population","2019","2019","1000 personnes","8591.36","X","Ciffre de sources internationales"
"FBS","Bilans Alimentaires (2010-)","740","Suriname","511","Population totale","S2501","Population","2018","2018","1000 personnes","576","X","Ciffre de sources internationales"
"FBS","Bilans Alimentaires (2010-)","740","Suriname","511","Population totale","S2501","Population","2019","2019","1000 personnes","581.37","X","Ciffre de sources internationales"
"FBS","Bilans Alimentaires (2010-)","762","Tadjikistan","511","Population totale","S2501","Population","2018","2018","1000 personnes","9100.83","X","Ciffre de sources internationales"
"FBS","Bilans Alimentaires (2010-)","762","Tadjikistan","511","Population totale","S2501","Population","2019","2019","1000 personnes","9321.02","X","Ciffre de sources internationales"
"FBS","Bilans Alimentaires (2010-)","148","Tchad","511","Population totale","S2501","Population","2018","2018","1000 personnes","15478","X","Ciffre de sources internationales"
"FBS","Bilans Alimentaires (2010-)","148","Tchad","511","Population totale","S2501","Population","2019","2019","1000 personnes","15946.88","X","Ciffre de sources internationales"
"FBS","Bilans Alimentaires (2010-)","203","Tchéquie","511","Population totale","S2501","Population","2018","2018","1000 personnes","10666","X","Ciffre de sources internationales"
"FBS","Bilans Alimentaires (2010-)","203","Tchéquie","511","Population totale","S2501","Population","2019","2019","1000 personnes","10689.21","X","Ciffre de sources internationales"
"FBS","Bilans Alimentaires (2010-)","764","Thaïlande","511","Population totale","S2501","Population","2018","2018","1000 personnes","69428","X","Ciffre de sources internationales"
"FBS","Bilans Alimentaires (2010-)","764","Thaïlande","511","Population totale","S2501","Population","2019","2019","1000 personnes","69625.58","X","Ciffre de sources internationales"
"FBS","Bilans Alimentaires (2010-)","626","Timor-Leste","511","Population totale","S2501","Population","2018","2018","1000 personnes","1268","X","Ciffre de sources internationales"
"FBS","Bilans Alimentaires (2010-)","626","Timor-Leste","511","Population totale","S2501","Population","2019","2019","1000 personnes","1293.12","X","Ciffre de sources internationales"
"FBS","Bilans Alimentaires (2010-)","768","Togo","511","Population totale","S2501","Population","2018","2018","1000 personnes","7889","X","Ciffre de sources internationales"
"FBS","Bilans Alimentaires (2010-)","768","Togo","511","Population totale","S2501","Population","2019","2019","1000 personnes","8082.37","X","Ciffre de sources internationales"
"FBS","Bilans Alimentaires (2010-)","780","Trinité-et-Tobago","511","Population totale","S2501","Population","2018","2018","1000 personnes","1390","X","Ciffre de sources internationales"
"FBS","Bilans Alimentaires (2010-)","780","Trinité-et-Tobago","511","Population totale","S2501","Population","2019","2019","1000 personnes","1394.97","X","Ciffre de sources internationales"
"FBS","Bilans Alimentaires (2010-)","788","Tunisie","511","Population totale","S2501","Population","2018","2018","1000 personnes","11565","X","Ciffre de sources internationales"
"FBS","Bilans Alimentaires (2010-)","788","Tunisie","511","Population totale","S2501","Population","2019","2019","1000 personnes","11694.72","X","Ciffre de sources internationales"
"FBS","Bilans Alimentaires (2010-)","795","Turkménistan","511","Population totale","S2501","Population","2018","2018","1000 personnes","5851","X","Ciffre de sources internationales"
"FBS","Bilans Alimentaires (2010-)","795","Turkménistan","511","Population totale","S2501","Population","2019","2019","1000 personnes","5942.09","X","Ciffre de sources internationales"
"FBS","Bilans Alimentaires (2010-)","792","Turquie","511","Population totale","S2501","Population","2018","2018","1000 personnes","82340","X","Ciffre de sources internationales"
"FBS","Bilans Alimentaires (2010-)","792","Turquie","511","Population totale","S2501","Population","2019","2019","1000 personnes","83429.62","X","Ciffre de sources internationales"
"FBS","Bilans Alimentaires (2010-)","804","Ukraine","511","Population totale","S2501","Population","2018","2018","1000 personnes","44246","X","Ciffre de sources internationales"
"FBS","Bilans Alimentaires (2010-)","804","Ukraine","511","Population totale","S2501","Population","2019","2019","1000 personnes","43993.64","X","Ciffre de sources internationales"
"FBS","Bilans Alimentaires (2010-)","858","Uruguay","511","Population totale","S2501","Population","2018","2018","1000 personnes","3449","X","Ciffre de sources internationales"
"FBS","Bilans Alimentaires (2010-)","858","Uruguay","511","Population totale","S2501","Population","2019","2019","1000 personnes","3461.73","X","Ciffre de sources internationales"
"FBS","Bilans Alimentaires (2010-)","548","Vanuatu","511","Population totale","S2501","Population","2018","2018","1000 personnes","292.68","X","Ciffre de sources internationales"
"FBS","Bilans Alimentaires (2010-)","548","Vanuatu","511","Population totale","S2501","Population","2019","2019","1000 personnes","299.88","X","Ciffre de sources internationales"
"FBS","Bilans Alimentaires (2010-)","862","Venezuela (République bolivarienne du)","511","Population totale","S2501","Population","2018","2018","1000 personnes","28887","X","Ciffre de sources internationales"
"FBS","Bilans Alimentaires (2010-)","862","Venezuela (République bolivarienne du)","511","Population totale","S2501","Population","2019","2019","1000 personnes","28515.83","X","Ciffre de sources internationales"
"FBS","Bilans Alimentaires (2010-)","704","Viet Nam","511","Population totale","S2501","Population","2018","2018","1000 personnes","95546","X","Ciffre de sources internationales"
"FBS","Bilans Alimentaires (2010-)","704","Viet Nam","511","Population totale","S2501","Population","2019","2019","1000 personnes","96462.11","X","Ciffre de sources internationales"
"FBS","Bilans Alimentaires (2010-)","887","Yémen","511","Population totale","S2501","Population","2018","2018","1000 personnes","28499","X","Ciffre de sources internationales"
"FBS","Bilans Alimentaires (2010-)","887","Yémen","511","Population totale","S2501","Population","2019","2019","1000 personnes","29161.92","X","Ciffre de sources internationales"
"FBS","Bilans Alimentaires (2010-)","894","Zambie","511","Population totale","S2501","Population","2018","2018","1000 personnes","17352","X","Ciffre de sources internationales"
"FBS","Bilans Alimentaires (2010-)","894","Zambie","511","Population totale","S2501","Population","2019","2019","1000 personnes","17861.03","X","Ciffre de sources internationales"
"FBS","Bilans Alimentaires (2010-)","716","Zimbabwe","511","Population totale","S2501","Population","2018","2018","1000 personnes","14438.8","X","Ciffre de sources internationales"
"FBS","Bilans Alimentaires (2010-)","716","Zimbabwe","511","Population totale","S2501","Population","2019","2019","1000 personnes","14645.47","X","Ciffre de sources internationales"
